Sensor X1,Motor Y1,Sensor X2,Motor Y2,
0.277174,0.270287,0.277174,0.270287,
0.158108,0.156804,0.158106,0.156802,
0.234942,0.230711,0.234936,0.230706,
0.361204,0.346274,0.361189,0.346261,
0.311221,0.301539,0.311198,0.301518,
0.262135,0.25628,0.26211,0.256256,
0.175955,0.174146,0.17593,0.174121,
0.0974675,0.0971374,0.0974396,0.0971095,
0.16678,0.165228,0.166749,0.165198,
0.253265,0.247966,0.25323,0.247934,
0.32148,0.31083,0.321441,0.310793,
0.445841,0.418469,0.445785,0.418423,
0.424923,0.401059,0.424862,0.401007,
0.323064,0.312253,0.322999,0.312194,
0.382043,0.364462,0.381977,0.364404,
0.504664,0.465766,0.504589,0.465706,
0.543636,0.49571,0.54353,0.495627,
0.386146,0.367984,0.386034,0.367882,
0.241432,0.236765,0.241315,0.23665,
0.148134,0.146943,0.147999,0.146806,
0.242838,0.238075,0.242701,0.23794,
0.314725,0.304638,0.314576,0.304497,
0.201961,0.199149,0.201807,0.198996,
0.110438,0.109863,0.110284,0.109706,
-0.00250065,-0.00265307,-0.00265411,-0.00281255,
-0.136435,-0.135774,-0.136584,-0.135926,
-0.264073,-0.25829,-0.264214,-0.258427,
-0.131376,-0.13079,-0.131511,-0.13093,
-0.226678,-0.223052,-0.226807,-0.223181,
-0.255553,-0.250315,-0.255681,-0.250442,
-0.154417,-0.153364,-0.154543,-0.153495,
-0.137623,-0.136919,-0.137747,-0.137048,
-0.151152,-0.150174,-0.151276,-0.150303,
-0.270284,-0.264075,-0.270404,-0.264193,
-0.186892,-0.184909,-0.187007,-0.185028,
-0.0372458,-0.0373517,-0.0373577,-0.037472,
0.0759279,0.0756945,0.0758156,0.075574,
0.114362,0.113793,0.114248,0.113672,
0.188127,0.18589,0.188013,0.185771,
0.313486,0.303595,0.313364,0.303475,
0.402877,0.382422,0.402742,0.382298,
0.455532,0.426465,0.455389,0.426339,
0.571501,0.516519,0.571349,0.516399,
0.515615,0.474326,0.515431,0.474169,
0.573269,0.517791,0.573076,0.517636,
0.390819,0.372038,0.390619,0.371843,
0.29639,0.28792,0.296168,0.287694,
0.206628,0.203607,0.206403,0.203368,
0.14864,0.147392,0.148406,0.147141,
-0.055345,-0.0555402,-0.179406,-0.177824,
0.221525,0.217853,0.343782,0.330808,
0.0724345,0.0720868,-0.00631325,-0.00664546,
0.154283,0.152897,0.0214056,0.0210569,
0.335621,0.323494,0.374312,0.357732,
0.213378,0.210037,0.2545,0.248905,
0.284285,0.276744,0.372962,0.356466,
0.26299,0.256949,0.346848,0.333382,
0.209716,0.206519,0.137993,0.136686,
0.0387194,0.0384111,-0.0494889,-0.0500967,
0.081527,0.0810838,0.00883451,0.00822138,
-0.0608007,-0.0610825,-0.196199,-0.194544,
0.062717,0.0623601,0.0593678,0.0587659,
0.0878901,0.0874122,0.170807,0.168851,
-0.157603,-0.15673,-0.226524,-0.223558,
-0.377145,-0.360739,-0.544914,-0.497685,
-0.242244,-0.238049,-0.321355,-0.311612,
-0.00780873,-0.00804788,0.107408,0.106874,
-0.084038,-0.0841652,0.0481111,0.0476873,
-0.0822284,-0.0823694,0.010954,0.0105578,
-0.326461,-0.315828,-0.432686,-0.40854,
-0.394461,-0.375718,-0.481401,-0.448402,
-0.137172,-0.136659,-0.0296486,-0.0298523,
-0.216909,-0.213991,-0.122142,-0.121985,
-0.298373,-0.29028,-0.175815,-0.174499,
-0.149311,-0.148556,-0.0119686,-0.0121549,
-0.260365,-0.25509,-0.125023,-0.125037,
-0.585944,-0.527552,-0.78037,-0.654026,
-0.26669,-0.260775,-0.164167,-0.162781,
-0.382708,-0.365347,-0.343379,-0.330809,
-0.58567,-0.527179,-0.725219,-0.620919,
-0.544858,-0.496988,-0.563468,-0.510958,
-0.608187,-0.543218,-0.585913,-0.527395,
-0.449746,-0.421931,-0.308591,-0.298959,
-0.672721,-0.587133,-0.795294,-0.662041,
-0.568782,-0.514698,-0.790079,-0.658836,
-0.437961,-0.412073,-0.579324,-0.522073,
-0.284677,-0.277153,-0.323549,-0.311694,
-0.233896,-0.229561,-0.310557,-0.299918,
-0.15921,-0.157607,-0.290367,-0.281356,
-0.222272,-0.2185,-0.32619,-0.314123,
-0.179974,-0.177816,-0.252746,-0.246268,
-0.129502,-0.128456,-0.275859,-0.267837,
0.130354,0.130333,0.13728,0.13925,
0.052534,0.0530641,-0.0392866,-0.0372735,
0.213298,0.210943,0.358007,0.346645,
0.156451,0.15594,0.240381,0.238808,
0.268814,0.263392,0.363731,0.351602,
0.174644,0.17365,0.235573,0.234285,
0.257545,0.25288,0.494351,0.460978,
0.0236064,0.0241745,-0.256215,-0.249446,
0.0149863,0.0155377,0.164886,0.166165,
-0.0153589,-0.014864,-0.0945068,-0.0927135,
0.0292619,0.0297854,-0.151083,-0.148771,
0.0461332,0.0466495,0.16036,0.161429,
-0.141271,-0.140138,-0.214831,-0.210891,
0.0315078,0.0320698,0.0485066,0.0505948,
-0.05183,-0.0513163,-0.000531049,0.00149476,
0.304904,0.296777,0.507401,0.471401,
0.0675081,0.0679414,0.0286103,0.0302531,
0.226341,0.223375,0.386705,0.371618,
0.0756841,0.076091,-0.0450005,-0.0436973,
0.000368333,0.000711762,-0.0224243,-0.0211067,
0.0816727,0.0819855,0.34159,0.331705,
0.0606358,0.0610197,0.29047,0.285229,
-0.263455,-0.257719,-0.395258,-0.376973,
-0.109289,-0.108677,-0.352906,-0.339494,
-0.0430166,-0.0426811,0.0339533,0.0352667,
-0.0977865,-0.0972992,-0.0987669,-0.0977551,
-0.109997,-0.10936,0.137337,0.1386,
-0.0347142,-0.0343648,0.0446659,0.0459441,
-0.271229,-0.264882,-0.55369,-0.504637,
-0.156923,-0.155463,-0.0746965,-0.073432,
-0.131615,-0.130612,-0.0458405,-0.0444014,
-0.437197,-0.411685,-0.621074,-0.553621,
-0.129904,-0.128702,-0.0167319,-0.0147103,
-0.254912,-0.249312,0.0828409,0.0857561,
-0.43562,-0.410208,-0.813669,-0.673649,
-0.452692,-0.424299,-0.312361,-0.302039,
-0.334876,-0.322811,-0.103721,-0.101313,
-0.391312,-0.372597,-0.372206,-0.356009,
-0.236559,-0.23206,-0.122331,-0.120001,
-0.340465,-0.327735,-0.451486,-0.423159,
-0.296594,-0.288163,-0.0393305,-0.0370642,
-0.462358,-0.432238,-0.48937,-0.454429,
-0.50152,-0.463571,-0.608364,-0.544098,
-0.508193,-0.468872,-0.690282,-0.599915,
-0.46306,-0.432869,-0.520221,-0.478609,
-0.627332,-0.556789,-0.739663,-0.630806,
-0.45167,-0.423522,-0.378089,-0.36078,
-0.446827,-0.419413,-0.497782,-0.460572,
-0.576584,-0.520665,-0.648701,-0.572278,
-0.506833,-0.467748,-0.925469,-0.730487,
-0.372047,-0.355706,-0.28641,-0.27592,
-0.299636,-0.290895,-0.487333,-0.45149,
-0.239422,-0.23464,-0.183597,-0.177846,
-0.457859,-0.428518,-0.608504,-0.542899,
-0.248664,-0.24323,-0.157274,-0.151458,
-0.338861,-0.326408,-0.438303,-0.410981,
-0.0620532,-0.0612399,0.167134,0.172634,
-0.288088,-0.280222,-0.279646,-0.269667,
-0.4628,-0.432503,-0.426777,-0.400803,
-0.349178,-0.335493,-0.400206,-0.377842,
-0.347773,-0.334198,-0.366835,-0.348663,
-0.288141,-0.280124,-0.0933401,-0.0874399,
-0.370336,-0.35428,-0.586519,-0.527589,
-0.406604,-0.385694,-0.31208,-0.299624,
-0.370135,-0.354046,-0.893049,-0.714115,
-0.107382,-0.106172,0.122223,0.130579,
-0.291479,-0.283336,-0.477267,-0.442318,
-0.127552,-0.126193,0.0195374,0.0274465,
-0.0167154,-0.0156292,0.0588141,0.0676636,
-0.123851,-0.122587,-0.207585,-0.19971,
-0.0452489,-0.0443725,-0.0246753,-0.0176474,
-0.00544781,-0.00455698,0.330781,0.329125,
-0.300725,-0.291995,-0.472559,-0.439372,
-0.191215,-0.188584,-0.260513,-0.251098,
-0.500049,-0.462621,-0.431182,-0.404598,
-0.302855,-0.293916,-0.287889,-0.277694,
-0.369074,-0.353286,-0.455119,-0.424823,
-0.179148,-0.17675,0.0611226,0.0683328,
-0.117354,-0.116104,-0.226667,-0.219288,
-0.0134664,-0.0122384,-0.0357702,-0.0286319,
-0.0490391,-0.0479628,0.266188,0.270039,
-0.295316,-0.286857,-0.645416,-0.569985,
-0.0924705,-0.0912947,0.0351718,0.0429092,
0.0115045,0.0128869,0.201902,0.209306,
0.0213343,0.0226394,0.0640108,0.0718529,
-0.143989,-0.142114,-0.23685,-0.228033,
0.108388,0.109551,0.179631,0.187289,
-0.216439,-0.212597,-0.363754,-0.345806,
-0.0763717,-0.0753505,0.0314493,0.035773,
-0.119208,-0.117738,-0.149948,-0.142473,
-0.0282793,-0.0271718,0.148433,0.155222,
-0.0604233,-0.0592473,0.0108891,0.0181771,
-0.217924,-0.214029,-0.16909,-0.162195,
-0.191202,-0.188381,-0.194342,-0.187663,
-0.0771288,-0.0758878,0.122123,0.130962,
0.059212,0.0607017,-0.0433529,-0.0365355,
-0.217739,-0.213833,-0.190915,-0.184497,
-0.20482,-0.201377,-0.0419744,-0.034032,
-0.246506,-0.24118,-0.260179,-0.251114,
-0.172147,-0.169684,-0.273075,-0.262985,
-0.211408,-0.207668,-0.270807,-0.259637,
-0.313236,-0.303098,-0.371537,-0.352917,
-0.0725318,-0.0711674,0.151106,0.160151,
-0.0491084,-0.0477625,-0.234059,-0.225729,
0.0574795,0.0591799,0.155075,0.165121,
0.115861,0.117333,-0.14892,-0.141169,
0.361128,0.348777,0.65499,0.586787,
0.428218,0.406533,0.675195,0.600267,
0.426283,0.40489,0.33161,0.332043,
0.546884,0.501017,0.563337,0.523312,
0.257804,0.254725,0.209711,0.219229,
0.285771,0.280694,0.387699,0.382566,
0.634436,0.563934,0.717023,0.627766,
0.405565,0.387172,0.387484,0.380906,
0.377597,0.363054,0.11372,0.123182,
0.461668,0.434051,0.720384,0.629634,
0.416426,0.39651,0.241707,0.248756,
0.413295,0.393729,0.2868,0.289898,
0.39703,0.379913,0.528608,0.497434,
0.523515,0.483052,0.425324,0.413762,
0.367062,0.353813,0.321586,0.323125,
0.228368,0.22646,0.578168,0.533673,
0.306976,0.29991,0.199014,0.20668,
0.355777,0.343798,0.782017,0.665037,
0.229094,0.227129,0.0665066,0.0743731,
-0.016799,-0.0157663,0.0593139,0.0661788,
-0.0249848,-0.0240386,-0.202721,-0.197671,
-0.120401,-0.119367,-0.183276,-0.178849,
-0.113953,-0.113006,-0.223949,-0.219323,
0.0073563,0.00830556,0.0397656,0.0456921,
0.165555,0.16568,0.433205,0.418581,
0.00574647,0.0066976,-0.194796,-0.191002,
0.049859,0.0509702,-0.0583944,-0.0547225,
0.27294,0.26833,0.258306,0.261788,
0.0432838,0.0442886,0.20664,0.211038,
0.0843809,0.0854273,-0.173614,-0.169581,
0.197465,0.196665,0.57019,0.526373,
0.124409,0.125218,-0.0162629,-0.0108,
0.132805,0.133449,0.173147,0.178349,
0.251951,0.248741,0.155874,0.163055,
0.590752,0.533093,0.631659,0.570348,
0.553604,0.50567,0.790663,0.669394,
0.319562,0.311085,0.291746,0.292079,
0.467197,0.438248,0.331635,0.328366,
0.251929,0.248443,0.106542,0.111265,
0.574579,0.521139,1.08028,0.801905,
0.571634,0.518895,0.551259,0.511273,
0.499581,0.464002,0.551093,0.510866,
0.330048,0.320332,0.246987,0.248636,
0.636573,0.564959,0.688008,0.60654,
0.368044,0.353954,0.484884,0.458871,
0.413467,0.393212,0.151944,0.155037,
0.174688,0.173804,0.14219,0.145127,
0.126948,0.126864,0.00986358,0.0113755,
0.236276,0.233082,0.165693,0.168687,
0.374734,0.359769,0.102034,0.104926,
0.16349,0.162779,0.0686618,0.0713297,
0.132889,0.132684,0.0993882,0.102257,
0.0373933,0.0374462,-0.119652,-0.120023,
0.269896,0.264741,0.541778,0.503545,
0.201397,0.199592,0.157174,0.160121,
0.070011,0.0700938,-0.308247,-0.30341,
0.0120103,0.0118934,0.158295,0.161434,
0.195814,0.194194,0.191524,0.194276,
0.419673,0.398416,0.290515,0.289335,
0.300037,0.292618,0.302283,0.300284,
0.329328,0.319312,0.295438,0.293944,
0.414903,0.394339,0.393771,0.382718,
0.506541,0.469213,0.318325,0.315106,
0.585567,0.528824,0.739239,0.63869,
0.551692,0.503827,0.715743,0.623852,
0.427779,0.405166,0.320289,0.315977,
0.335753,0.325056,0.260969,0.260431,
0.218152,0.21558,0.328453,0.323433,
0.39781,0.37967,0.709909,0.620049,
0.40938,0.389556,0.407904,0.393371,
0.303576,0.295767,0.403164,0.38916,
0.217689,0.215085,0.204244,0.204651,
0.119819,0.119499,-0.00857804,-0.0099032,
-0.0555919,-0.0562696,-0.225892,-0.227827,
-0.234246,-0.231709,-0.0801098,-0.0826838,
-0.234058,-0.231519,-0.290371,-0.289256,
-0.362381,-0.349475,-0.663324,-0.590883,
-0.184633,-0.183965,0.0322055,0.0322836,
-0.477946,-0.447116,-0.543603,-0.505208,
-0.323975,-0.315056,-0.469069,-0.446135,
-0.630814,-0.561333,-0.546832,-0.50751,
-0.29639,-0.289654,-0.317971,-0.314364,
-0.52218,-0.481784,-0.711816,-0.621776,
-0.563874,-0.513296,-1.34114,-0.879039,
-0.390163,-0.373419,-0.432686,-0.411925,
-0.153888,-0.153444,0.0200026,0.0268016,
-0.128974,-0.128911,-0.307109,-0.297345,
-0.076216,-0.0763845,0.0980464,0.10685,
-0.284605,-0.278604,-0.720595,-0.62326,
-0.0810851,-0.0812091,-0.146061,-0.140519,
-0.314818,-0.306409,-0.307553,-0.298302,
-0.06105,-0.0611064,0.0606038,0.0685447,
-0.221918,-0.219439,-0.618113,-0.554978,
-0.105993,-0.106005,0.0780475,0.0851869,
-0.214122,-0.211966,-0.290933,-0.283291,
-0.191123,-0.189755,0.017412,0.024331,
-0.369066,-0.355012,-0.329527,-0.319105,
-0.674227,-0.590398,-0.885838,-0.716279,
-0.618488,-0.552506,-0.87526,-0.710336,
-0.493662,-0.459212,-0.277266,-0.268682,
-0.338921,-0.327971,-0.315112,-0.303336,
-0.321314,-0.312057,-0.227264,-0.219866,
-0.389021,-0.372194,-0.711945,-0.616979,
-0.464722,-0.435916,-0.399701,-0.379391,
-0.3357,-0.325041,-0.205533,-0.199233,
-0.224017,-0.221109,-0.171991,-0.16539,
-0.383656,-0.367502,-0.631336,-0.562846,
-0.413992,-0.393613,-0.740447,-0.633888,
-0.418126,-0.397094,-0.318427,-0.30585,
-0.392989,-0.375567,-0.449194,-0.4213,
-0.549183,-0.502129,-0.702878,-0.610102,
-0.581549,-0.526043,-0.770238,-0.651527,
-0.369712,-0.355237,-0.524184,-0.481586,
-0.328385,-0.318345,-0.365152,-0.347055,
-0.518891,-0.478908,-0.434056,-0.407911,
-0.372602,-0.357736,-0.303782,-0.290139,
-0.225211,-0.222126,-0.122384,-0.11286,
-0.320524,-0.311184,-0.55028,-0.501735,
-0.303809,-0.295881,-0.345467,-0.329134,
-0.0707079,-0.070196,0.00885385,0.0215027,
0.00310428,0.00399989,0.0760842,0.0902822,
0.115466,0.116607,0.209593,0.223379,
0.0252741,0.0262882,0.199547,0.214039,
0.0930141,0.0942522,0.276693,0.28758,
0.0948702,0.0960939,0.0962923,0.110816,
0.032665,0.0337437,0.162938,0.177971,
0.274003,0.269912,0.101242,0.115559,
0.239048,0.236949,0.588232,0.548117,
-0.0351198,-0.0345553,-0.159347,-0.150149,
0.0224603,0.0234042,0.353025,0.357655,
-0.1005,-0.100083,-0.384418,-0.364553,
0.118535,0.11962,0.3655,0.368382,
-0.0804172,-0.08009,0.00152795,0.0139828,
-0.182453,-0.180954,-0.315674,-0.302333,
-0.406715,-0.387488,-0.707255,-0.613391,
-0.321706,-0.312386,-0.352677,-0.336325,
-0.32309,-0.313711,-0.387043,-0.366299,
-0.0732169,-0.0728301,0.132376,0.148688,
-0.271226,-0.26582,-0.504649,-0.466775,
-0.00948782,-0.00869909,0.225665,0.240581,
-0.39534,-0.377715,-0.732327,-0.628715,
-0.272468,-0.266901,-0.107941,-0.0966304,
-0.0288154,-0.0280254,-0.144946,-0.134458,
0.0625209,0.0639411,0.170723,0.187027,
-0.0238128,-0.0229649,-0.046292,-0.0339903,
-0.0587425,-0.0580577,0.121102,0.136044,
-0.204783,-0.202443,0.119218,0.134711,
-0.251621,-0.247275,-0.218941,-0.209289,
-0.0898632,-0.089271,-0.149106,-0.138462,
-0.500388,-0.464571,-0.667548,-0.588417,
-0.363518,-0.349735,-0.372839,-0.35451,
-0.0903603,-0.0895685,-0.0157558,-0.00205807,
-0.0817559,-0.0809547,0.00968958,0.0228379,
-0.225981,-0.222712,-0.337866,-0.321611,
-0.49208,-0.457965,-0.634121,-0.564294,
-0.393397,-0.375826,-0.217742,-0.206857,
-0.214125,-0.211231,-0.167892,-0.157376,
-0.221428,-0.218243,-0.197948,-0.18591,
-0.11452,-0.113537,-0.121593,-0.109503,
-0.202288,-0.199795,-0.0285458,-0.0151955,
-0.120448,-0.119439,-0.0432082,-0.0295144,
-0.166714,-0.165112,-0.337435,-0.321058,
-0.265159,-0.259797,-0.299277,-0.28501,
-0.227758,-0.224295,-0.02802,-0.0125578,
-0.339444,-0.328172,-0.468474,-0.436704,
-0.490401,-0.456554,-0.679899,-0.59451,
-0.394352,-0.376606,-0.28826,-0.273711,
-0.452802,-0.425997,-0.468254,-0.431197,
-0.268555,-0.262952,-0.541331,-0.493978,
-0.228771,-0.225238,-0.315639,-0.299595,
-0.170512,-0.168799,-0.297178,-0.281265,
-0.126004,-0.124894,-0.0409742,-0.0270625,
-0.30078,-0.292935,-0.385566,-0.361428,
-0.445255,-0.419792,-0.457549,-0.426239,
-0.470815,-0.440776,-0.405953,-0.381129,
-0.361177,-0.347532,-0.69002,-0.601139,
-0.256827,-0.251864,-0.236195,-0.223639,
-0.120852,-0.119703,0.143642,0.1621,
-0.341381,-0.329836,-0.415898,-0.391105,
-0.44502,-0.419558,-0.311178,-0.295225,
-0.479917,-0.448092,-0.820758,-0.680661,
-0.330019,-0.319536,-0.127561,-0.116222,
-0.309957,-0.301256,-0.208557,-0.194637,
-0.0663628,-0.0651103,0.155018,0.174492,
-0.0854335,-0.0842337,-0.157397,-0.144438,
-0.156954,-0.155242,-0.15142,-0.14017,
-0.240123,-0.235918,-0.528676,-0.48443,
-0.135479,-0.134047,0.0550493,0.0745334,
-0.286071,-0.279173,-0.609857,-0.54584,
-0.153196,-0.151595,0.231225,0.251878,
-0.292666,-0.285277,-0.418353,-0.392124,
-0.273657,-0.267536,-0.568501,-0.515389,
-0.179121,-0.177079,-0.286563,-0.270331,
-0.0863345,-0.0850805,-0.0088124,0.00919622,
-0.2401,-0.235892,-0.213638,-0.199108,
-0.248411,-0.243808,-0.106958,-0.0914188,
-0.350045,-0.337481,-0.30434,-0.288381,
-0.417457,-0.396369,-0.636872,-0.564862,
-0.136861,-0.135469,0.272606,0.293467,
-0.232864,-0.228967,-0.351905,-0.331941,
-0.246625,-0.242083,-0.566981,-0.51355,
-0.12122,-0.119892,-0.142613,-0.127076,
-0.165919,-0.164037,-0.0317932,-0.0132151,
-0.0652948,-0.0638439,0.198116,0.220729,
-0.0456516,-0.0440435,-0.119037,-0.10412,
-0.272561,-0.266372,-0.469566,-0.436056,
-0.30438,-0.295969,-0.303926,-0.287035,
-0.0129224,-0.0111271,-0.127778,-0.112107,
-0.235469,-0.231311,-0.154036,-0.138796,
-0.474656,-0.443845,-0.594966,-0.534519,
-0.228338,-0.224426,-0.189298,-0.17447,
-0.378549,-0.362596,-0.276389,-0.259668,
-0.372819,-0.357585,-0.418697,-0.391303,
-0.222596,-0.218894,-0.111632,-0.0944875,
-0.415007,-0.394,-0.23989,-0.224413,
-0.387784,-0.370599,-0.469365,-0.434972,
-0.350041,-0.337304,-0.271137,-0.255131,
-0.519013,-0.478982,-0.761207,-0.645774,
-0.596115,-0.536612,-0.65797,-0.578419,
-0.64846,-0.572988,-0.750407,-0.6383,
-0.256017,-0.250618,-0.314125,-0.293796,
-0.287491,-0.28018,-0.113641,-0.0942847,
-0.323544,-0.313323,-0.168639,-0.150589,
-0.442195,-0.416986,-0.387844,-0.361996,
-0.577509,-0.523058,-0.704718,-0.609524,
-0.432441,-0.408773,-0.558025,-0.504506,
-0.558824,-0.509205,-0.776708,-0.653974,
-0.482921,-0.450264,-0.24065,-0.220969,
-0.574065,-0.520508,-0.434148,-0.40128,
-0.299333,-0.291131,-0.240807,-0.22137,
-0.282899,-0.275822,-0.426982,-0.395484,
-0.397791,-0.379243,-0.420507,-0.389595,
-0.504136,-0.467163,-0.897813,-0.719844,
-0.327352,-0.316722,-0.319858,-0.296001,
-0.205467,-0.202161,-0.144706,-0.123081,
-0.0402354,-0.0381876,0.0335193,0.0620212,
0.177001,0.17912,0.062951,0.0916546,
0.10394,0.107003,0.2511,0.28091,
0.313071,0.308166,0.16933,0.20054,
0.0230948,0.025701,0.156787,0.187674,
-0.0665609,-0.0646421,-0.0858178,-0.0617202,
-0.0968793,-0.0950906,-0.194587,-0.172377,
0.080338,0.0832957,-0.020291,0.00540001,
0.123243,0.126183,0.277653,0.306091,
0.0606532,0.0636077,0.0672605,0.0972639,
-0.0922754,-0.0905347,0.00822241,0.0351754,
-0.396045,-0.377757,-0.309489,-0.28547,
-0.261008,-0.255339,-0.579806,-0.519542,
-0.346957,-0.334496,-0.250341,-0.228716,
-0.184186,-0.181498,-0.174317,-0.152581,
-0.31215,-0.302964,-0.463988,-0.426367,
-0.302787,-0.294362,-0.264703,-0.243302,
-0.324753,-0.314475,-0.455424,-0.419443,
-0.226298,-0.222295,-0.260354,-0.238823,
-0.0492071,-0.047196,0.168898,0.200194,
-0.270599,-0.264401,-0.241245,-0.220006,
-0.20678,-0.203444,-0.550599,-0.49676,
0.0901187,0.0932209,0.310853,0.336914,
-0.0449423,-0.042864,0.194281,0.226848,
-0.216427,-0.21281,-0.470222,-0.431697,
-0.077589,-0.0757435,0.0696276,0.100055,
0.117501,0.120603,0.121417,0.153164,
-0.0222245,-0.0199771,-0.167445,-0.146172,
0.178411,0.180679,0.381029,0.399735,
-0.00700762,-0.00460695,-0.0203141,0.00661145,
0.251535,0.251131,0.221226,0.252974,
0.153143,0.155868,0.342257,0.36678,
0.0781806,0.0812253,0.193659,0.225366,
0.0894738,0.0925278,0.197737,0.227766,
-0.00528125,-0.00293629,-0.344024,-0.319404,
-0.0277518,-0.0256113,0.0018552,0.0301114,
0.0840138,0.0870759,0.120199,0.151849,
-0.0321685,-0.0300868,0.0928403,0.124157,
0.0908704,0.0939325,0.254331,0.284686,
0.085636,0.0887093,-0.00900707,0.0185445,
0.0817255,0.0847853,0.23294,0.264337,
0.152305,0.155052,0.122555,0.154512,
0.280018,0.277867,0.417753,0.433179,
0.0261382,0.0287936,-0.201844,-0.180841,
0.178897,0.181138,0.164208,0.196364,
0.0966258,0.0997261,0.218273,0.250294,
0.417547,0.40056,0.572156,0.554373,
0.29476,0.291502,0.142913,0.174628,
0.136431,0.139264,0.0169467,0.0447553,
0.223989,0.224766,0.048744,0.0778254,
0.169619,0.171989,-0.0614588,-0.0371078,
0.0559183,0.0587285,0.115182,0.146284,
0.0217661,0.0242626,-0.205724,-0.18566,
0.0381407,0.0407974,0.318068,0.344669,
0.00521305,0.00753192,0.0846795,0.11497,
-0.109233,-0.107731,-0.08786,-0.0648986,
-0.118104,-0.116594,-0.314327,-0.29298,
-0.112398,-0.110898,-0.167907,-0.147471,
-0.0772362,-0.0756641,-0.0258791,-8.98365e-05,
0.211719,0.212947,0.370331,0.391707,
0.285391,0.282801,0.661149,0.615743,
0.132676,0.135486,0.0124884,0.0382893,
0.00928279,0.0115834,0.0970987,0.126543,
0.171435,0.173741,0.0148246,0.0409692,
-0.000521047,0.00166013,0.127914,0.157772,
0.233866,0.2342,0.232133,0.2621,
0.115781,0.118715,0.145901,0.176961,
0.101441,0.104382,0.00990206,0.0364427,
0.452791,0.430067,0.250333,0.279984,
0.526658,0.488869,0.876823,0.736735,
0.333421,0.326721,0.265686,0.294766,
0.422188,0.404389,0.0967636,0.125029,
0.50106,0.468878,0.681361,0.628072,
0.6229,0.559309,0.915056,0.754195,
0.268284,0.266532,0.123314,0.147038,
0.392698,0.379018,0.174153,0.197835,
0.5021,0.469594,0.694589,0.632058,
0.503065,0.470343,0.263052,0.284532,
0.382559,0.370174,0.610132,0.575044,
0.257945,0.256712,-0.0162223,-0.00100847,
0.589932,0.535874,0.718595,0.646549,
0.534713,0.494653,0.628351,0.587266,
0.28296,0.279893,0.264031,0.284554,
0.473177,0.446229,0.590105,0.560598,
0.58623,0.532954,0.607069,0.571906,
0.518713,0.482284,0.37279,0.384833,
0.587073,0.533563,0.756095,0.668044,
0.524336,0.48661,0.364399,0.376195,
0.263514,0.261497,0.259935,0.277975,
0.409785,0.393277,0.404053,0.41096,
0.152676,0.154299,0.0712306,0.0876732,
-0.0763456,-0.0761058,-0.220089,-0.214739,
0.0737296,0.0754378,0.324743,0.339567,
-0.125696,-0.12558,-0.296565,-0.290203,
0.0111378,0.0121734,0.0816896,0.0956803,
-0.333305,-0.324152,-0.788044,-0.671417,
-0.335746,-0.326292,-0.241667,-0.237149,
-0.14561,-0.1452,-0.0054997,0.00752749,
-0.411127,-0.392667,-0.535674,-0.499502,
0.00360845,0.00494083,0.0452416,0.0617037,
-0.104895,-0.104515,0.000796809,0.0151317,
-0.103901,-0.10351,-0.0774384,-0.0673538,
-0.0464927,-0.0457388,-0.0708748,-0.0601401,
-0.0282196,-0.0272669,-0.00315248,0.0107373,
-0.0773722,-0.0768856,0.0303993,0.0460306,
-0.265482,-0.261274,-0.264548,-0.257969,
-0.25946,-0.25559,-0.274521,-0.267589,
-0.168626,-0.167823,-0.213542,-0.206815,
-0.340948,-0.330951,-0.746085,-0.646665,
-0.265894,-0.261661,-0.365526,-0.352759,
0.083753,0.0859186,0.220037,0.241528,
0.0434012,0.0452247,0.158723,0.180525,
-0.142106,-0.141637,-0.325706,-0.315713,
0.147796,0.149846,0.318226,0.336676,
-0.106945,-0.106628,-0.369778,-0.35681,
-0.226909,-0.224673,-0.11761,-0.10732,
-0.201433,-0.200042,-0.194795,-0.186872,
-0.440419,-0.417629,-1.05498,-0.798602,
-0.405105,-0.387626,-0.553022,-0.511528,
-0.309084,-0.30202,-0.162046,-0.150816,
-0.512939,-0.476307,-0.672083,-0.597683,
-0.319846,-0.311812,-0.453406,-0.428871,
-0.732638,-0.629559,-1.10532,-0.816146,
-0.51068,-0.474077,-0.198621,-0.187429,
-0.547379,-0.502369,-0.764051,-0.654523,
-0.658509,-0.581701,-0.912075,-0.734236,
-0.212613,-0.209996,-0.269106,-0.25132,
-0.320399,-0.311649,-0.244866,-0.228733,
-0.491407,-0.458688,-0.374738,-0.352898,
-0.578,-0.525108,-1.38532,-0.892625,
-0.408801,-0.390075,-0.431892,-0.40266,
-0.436728,-0.413718,-0.219264,-0.198456,
-0.316098,-0.307591,-0.575226,-0.519351,
-0.254359,-0.249912,-0.436403,-0.403502,
-0.269171,-0.263938,-0.277364,-0.257017,
-0.325366,-0.3161,-0.474809,-0.438137,
-0.144142,-0.142677,-0.156247,-0.134585,
-0.0902804,-0.0887613,0.11662,0.152487,
-0.240935,-0.237084,-0.425067,-0.393912,
-0.21653,-0.213528,0.0122848,0.0441557,
-0.0211733,-0.0188453,0.204001,0.245098,
-0.0764266,-0.0746659,-0.238502,-0.214125,
-0.18237,-0.180341,0.0156628,0.04781,
-0.198938,-0.196458,-0.350843,-0.32412,
-0.325083,-0.315846,0.0290068,0.0585197,
-0.574192,-0.522278,-0.556073,-0.503635,
-0.422539,-0.401627,-0.663695,-0.583591,
-0.465767,-0.437802,-0.168892,-0.147871,
-0.57409,-0.522115,-1.63467,-0.934513,
-0.366689,-0.353187,-0.25276,-0.231733,
-0.377996,-0.363082,-0.38448,-0.348665,
-0.248746,-0.244464,-0.317545,-0.288986,
-0.227363,-0.223965,-0.254468,-0.226494,
-0.128528,-0.126938,-0.0846793,-0.0526598,
-0.246021,-0.241864,-0.0538162,-0.0196926,
-0.423933,-0.402929,-0.425448,-0.388839,
-0.555175,-0.508132,-0.687713,-0.596532,
-0.33935,-0.328719,-0.157711,-0.129541,
-0.292586,-0.28576,-0.368494,-0.337944,
-0.377836,-0.363019,-0.904155,-0.721641,
-0.207662,-0.20483,-0.177624,-0.148068,
-0.198748,-0.196125,-0.0192833,0.0189917,
-0.38761,-0.371588,-0.819011,-0.67566,
-0.41333,-0.393783,-0.148367,-0.117446,
-0.293486,-0.286512,-0.174669,-0.143609,
-0.251571,-0.246965,-0.283585,-0.251997,
-0.185849,-0.18344,0.055318,0.0984676,
-0.436879,-0.413734,-0.454866,-0.412863,
-0.252687,-0.247999,-0.343487,-0.310933,
-0.155571,-0.153604,0.0564672,0.0979615,
-0.0555721,-0.0533459,-0.216253,-0.185012,
-0.0983316,-0.0965383,0.342023,0.377899,
-0.287717,-0.28113,-0.416905,-0.378949,
-0.440816,-0.417073,-0.349391,-0.317232,
-0.290086,-0.283303,-0.12005,-0.0886416,
-0.401809,-0.383806,-0.984562,-0.7598,
-0.190657,-0.188052,-0.0766782,-0.0391865,
-0.138238,-0.136237,0.0483051,0.0918208,
-0.142482,-0.140508,-0.0137671,0.0261971,
-0.279483,-0.273201,-0.403273,-0.364456,
-0.313541,-0.304921,-0.260027,-0.229707,
-0.327218,-0.317403,-0.438016,-0.395772,
-0.437898,-0.414438,-0.503429,-0.451845,
-0.481148,-0.450114,-0.455856,-0.411367,
-0.391709,-0.374933,-0.317998,-0.284374,
-0.808384,-0.673274,-1.23377,-0.849693,
-0.575051,-0.522198,-0.6565,-0.570825,
-0.543513,-0.498522,-0.359982,-0.323488,
-0.624449,-0.557671,-0.65998,-0.573247,
-0.724455,-0.623599,-1.16586,-0.828511,
-0.639859,-0.568212,-0.569335,-0.500877,
-0.440731,-0.416026,-0.318043,-0.277355,
-0.535799,-0.492458,-0.514491,-0.455817,
-0.406861,-0.387146,-0.258636,-0.218259,
-0.365077,-0.350503,-0.0821456,-0.0372509,
-0.593252,-0.535305,-0.736905,-0.620587,
-0.587871,-0.531342,-0.489859,-0.43393,
-0.399667,-0.380826,-0.235701,-0.195477,
-0.456081,-0.428686,-0.650189,-0.560067,
-0.384357,-0.36745,-0.346535,-0.304252,
-0.436063,-0.411957,-0.572521,-0.501549,
-0.499226,-0.463719,-0.514082,-0.454297,
-0.145903,-0.142494,-0.239818,-0.198513,
-0.0700784,-0.0663429,0.0563342,0.110177,
0.0353234,0.04049,0.234291,0.289599,
0.031444,0.0366095,0.20458,0.260472,
-0.372877,-0.35727,-0.563937,-0.495119,
-0.202547,-0.198102,-0.225929,-0.184662,
-0.12636,-0.122711,-0.0187422,0.0314867,
-0.10107,-0.0973197,-0.249309,-0.208375,
-0.137596,-0.133877,-0.13394,-0.0897211,
0.0397567,0.0451937,0.252587,0.307422,
0.0126901,0.0177768,0.0718691,0.126018,
-0.0739962,-0.070121,-0.160764,-0.117878,
-0.154754,-0.151078,-0.17962,-0.137522,
-0.146072,-0.142455,-0.200197,-0.158576,
-0.0654296,-0.0615101,0.205055,0.261336,
-0.329033,-0.317784,-0.5047,-0.447322,
-0.0545147,-0.0503852,-0.136224,-0.0922429,
-0.245101,-0.239187,-0.343257,-0.301538,
-0.00623627,-0.00141785,0.0493821,0.103471,
0.0231414,0.0284165,0.23326,0.289236,
0.0699792,0.075835,0.254234,0.309318,
0.104102,0.110232,-0.00410747,0.0467091,
0.0378469,0.0433441,0.177545,0.234093,
0.0738211,0.0797235,-0.104637,-0.0592613,
0.0651519,0.0710129,0.0250881,0.0770198,
0.0304828,0.035892,0.0483164,0.101938,
0.0918652,0.0979196,0.24826,0.303152,
0.1066,0.112693,0.166134,0.223129,
0.0869591,0.0929823,0.12773,0.18365,
0.396727,0.386623,0.570189,0.573657,
0.195137,0.200263,0.287775,0.340423,
0.194546,0.199691,0.156141,0.212086,
0.199667,0.204688,0.791436,0.709565,
0.191832,0.196964,0.117827,0.172459,
0.26474,0.26702,0.312673,0.362468,
0.189905,0.195117,0.352482,0.398354,
-0.0608352,-0.0568998,0.131979,0.186315,
0.0217292,0.0269261,0.0619147,0.113876,
-0.107086,-0.103523,-0.220275,-0.182015,
-0.0769107,-0.0731153,0.0610051,0.112935,
-0.199729,-0.195476,-0.272297,-0.234747,
-0.222941,-0.218057,-0.228382,-0.190212,
-0.194618,-0.190454,0.0697069,0.122108,
-0.423208,-0.401159,-0.340902,-0.302084,
-0.570109,-0.518427,-0.745804,-0.629365,
-0.30651,-0.297072,-0.21043,-0.170513,
-0.346213,-0.33337,-0.379363,-0.337427,
-0.45277,-0.425916,-0.356044,-0.315051,
-0.252838,-0.246592,-0.145729,-0.103268,
-0.202446,-0.197857,-0.559152,-0.493975,
-0.144053,-0.140294,-0.209857,-0.169482,
-0.24063,-0.234859,-0.345685,-0.304873,
-0.152117,-0.148345,-0.135188,-0.0916239,
0.0841388,0.0903959,0.557117,0.566375,
-0.263239,-0.256476,-0.420467,-0.375405,
-0.294898,-0.286228,-0.359673,-0.318994,
-0.178691,-0.1746,-0.187734,-0.146998,
-0.257007,-0.250528,-0.199384,-0.159043,
-0.508198,-0.470842,-0.750858,-0.632068,
-0.189479,-0.185064,-0.148142,-0.105014,
-0.283623,-0.275577,-0.177366,-0.135415,
-0.237167,-0.231402,-0.138622,-0.0948401,
0.0096484,0.015143,0.0154315,0.0682875,
-0.0275681,-0.0226663,-0.0952449,-0.0490641,
-0.056227,-0.0518082,0.22721,0.285081,
-0.152373,-0.148535,-0.428458,-0.382556,
-0.0222586,-0.0172605,0.185483,0.243935,
-0.0447137,-0.0400861,-0.277046,-0.237777,
-0.101418,-0.0974604,-0.122246,-0.0777189,
-0.0844679,-0.0803875,-0.12455,-0.0801493,
-0.0540962,-0.0497052,-0.0798632,-0.0326636,
-0.179355,-0.175103,-0.104241,-0.0587773,
0.184443,0.190406,0.154851,0.213329,
-0.0022145,0.00299794,0.0150056,0.0679943,
0.230394,0.235015,0.275462,0.331718,
0.128728,0.135282,0.0727465,0.128409,
0.2532,0.256762,0.241253,0.298876,
0.0849235,0.0913122,0.109624,0.166693,
-0.183274,-0.179234,-0.537437,-0.477579,
0.14537,0.151842,0.340734,0.39219,
0.0969101,0.10344,0.0976389,0.154597,
-0.0269367,-0.0222218,-0.03131,0.0185064,
-0.142952,-0.1393,-0.137817,-0.0943213,
0.00117492,0.00624682,-0.0741085,-0.0271983,
-0.0780359,-0.0741541,-0.00758009,0.0436306,
0.0953576,0.10166,0.367488,0.415857,
0.0829811,0.0892424,0.0078322,0.0597516,
0.0164508,0.0218539,0.156466,0.214625,
0.00920635,0.0145268,-0.0106612,0.0400053,
0.0358165,0.0415442,0.172095,0.230444,
0.0181597,0.0235814,0.0559304,0.110422,
-0.0756016,-0.0716321,-0.0875353,-0.0419568,
-0.0513001,-0.0469652,0.197356,0.255753,
-0.0315934,-0.0270199,0.157924,0.215735,
-0.0447799,-0.0403771,-0.243922,-0.205928,
0.162009,0.168273,0.227354,0.28533,
0.288655,0.290225,0.44286,0.480363,
0.148933,0.155368,-0.0111713,0.0387304,
-0.0634429,-0.0592634,-0.0954511,-0.0513268,
-0.0768365,-0.0727758,-0.121189,-0.0779086,
-0.0571859,-0.0528699,0.0544505,0.108537,
-0.259288,-0.252937,-0.340093,-0.30211,
-0.197931,-0.193599,-0.452329,-0.406821,
0.00363781,0.00889533,0.380774,0.428024,
-0.0692341,-0.0650626,-0.0187693,0.0312562,
-0.249495,-0.24356,-0.357517,-0.318835,
0.0554841,0.0616887,0.147961,0.206557,
-0.080843,-0.076846,0.195566,0.254197,
-0.166376,-0.162575,-0.465718,-0.418777,
0.0616638,0.0678652,0.172631,0.231496,
-0.161775,-0.158041,-0.189476,-0.150124,
-0.172999,-0.169168,-0.431927,-0.388822,
-0.109782,-0.106082,-0.0630047,-0.0158795,
-0.0499047,-0.0455187,-0.012687,0.0381699,
-0.0355886,-0.0309298,0.0691234,0.125201,
-0.0380255,-0.03348,-0.160564,-0.120151,
-0.287216,-0.279293,-0.255802,-0.217962,
-0.399392,-0.380937,-0.327392,-0.289924,
-0.398988,-0.380554,-0.412938,-0.371277,
-0.374209,-0.358799,-0.405487,-0.364296,
-0.199809,-0.195469,-0.0640305,-0.0171184,
-0.242869,-0.237228,-0.699454,-0.602004,
0.0660522,0.0723351,0.258581,0.317485,
-0.202759,-0.198391,-0.466178,-0.419228,
-0.0478977,-0.0434023,0.0500831,0.105682,
-0.0779907,-0.0738881,-0.20873,-0.169469,
0.163947,0.170546,0.338392,0.392784,
0.13972,0.146512,0.43754,0.478565,
0.0983296,0.105029,-0.234806,-0.197152,
0.0947798,0.10144,0.143746,0.203073,
0.32962,0.328253,0.477082,0.510601,
0.173655,0.180059,0.300882,0.357216,
0.108653,0.115365,-0.0357698,0.012756,
0.356655,0.352499,0.450082,0.488222,
0.308841,0.309179,0.122581,0.180023,
0.263924,0.267244,0.274003,0.331528,
0.510791,0.481741,0.59775,0.599445,
0.297135,0.298237,0.305155,0.359541,
0.176483,0.18269,0.148776,0.205672,
0.494417,0.468751,0.516583,0.539726,
0.454987,0.436761,0.579688,0.585574,
0.247768,0.251656,0.225448,0.281438,
0.0190623,0.0242355,0.00038461,0.0471568,
0.0838147,0.0899596,0.0997054,0.152742,
0.0624272,0.0683221,-0.146928,-0.110794,
0.21315,0.21836,0.0792348,0.131224,
0.416557,0.404559,0.58284,0.587458,
0.455536,0.437206,0.763666,0.700239,
0.331025,0.329201,0.350812,0.395674,
0.223492,0.228312,0.207165,0.257918,
0.298742,0.299579,0.550323,0.560021,
0.132518,0.138826,0.0826667,0.128072,
0.366882,0.361371,0.154177,0.203054,
0.442292,0.42617,0.540762,0.55192,
0.411857,0.400475,0.663981,0.637377,
0.375734,0.369145,0.0614773,0.102358,
0.588978,0.540365,0.815739,0.7237,
0.26255,0.265507,0.365022,0.40516,
0.316771,0.316018,0.0821842,0.124482,
0.463264,0.443417,0.804612,0.717981,
0.463718,0.443761,0.489584,0.510524,
0.232461,0.236716,0.176345,0.222518,
0.394206,0.385117,0.334023,0.376649,
0.268991,0.271464,0.26085,0.306201,
0.565478,0.523067,0.576115,0.576424,
0.62139,0.563126,1.15357,0.855886,
0.383697,0.375771,0.550377,0.552972,
0.257186,0.26002,0.294721,0.33351,
-0.0148986,-0.0111537,-0.00480044,0.0239962,
0.0139656,0.0182743,-0.13244,-0.113171,
0.192544,0.197646,0.253662,0.293622,
0.327302,0.325358,0.0157049,0.0459604,
0.345396,0.34174,0.717158,0.665192,
0.219681,0.224055,0.0709787,0.104331,
0.363031,0.35751,0.40834,0.437,
0.0422512,0.0470064,-0.198835,-0.185612,
0.231595,0.235541,0.260465,0.298879,
0.13195,0.137578,0.177538,0.2142,
0.218648,0.223019,0.226371,0.264013,
0.149281,0.15486,-0.088116,-0.0681253,
0.545164,0.507764,0.766192,0.693178,
0.428423,0.414062,0.513065,0.523661,
0.431035,0.416283,0.155113,0.190943,
0.463622,0.443358,0.503576,0.516137,
0.705627,0.618872,0.761083,0.689627,
0.553867,0.513984,0.247646,0.282946,
0.484086,0.459725,0.726925,0.66857,
0.893712,0.723383,1.1827,0.861985,
0.51219,0.481012,0.143731,0.166231,
0.77987,0.662497,0.768446,0.685631,
0.84006,0.695341,1.30915,0.89012,
0.695696,0.610948,1.19741,0.858572,
0.478199,0.45307,0.401067,0.336839,
0.682692,0.602524,0.721801,0.599007,
0.397271,0.384835,0.229248,0.16621,
0.261532,0.260967,0.0413334,-0.0293139,
0.580702,0.531875,0.486097,0.415457,
0.47402,0.449195,0.59029,0.504156,
0.261294,0.260532,0.364625,0.299757,
0.234235,0.234581,0.147857,0.0813012,
0.20977,0.210882,0.379865,0.31733,
0.225118,0.225755,-0.0207385,-0.0989988,
0.41543,0.400205,0.299024,0.241563,
0.255416,0.254885,0.248747,0.185142,
0.120295,0.122127,0.125945,0.0555544,
0.27606,0.274448,0.0253176,-0.0493385,
0.218825,0.219617,0.518775,0.442068,
0.088275,0.0897869,0.0224158,-0.0533446,
0.226357,0.22692,0.0569434,-0.0168885,
0.216627,0.217449,0.173424,0.110484,
0.29203,0.289436,0.525601,0.447677,
0.30487,0.301377,0.123536,0.0545076,
0.164059,0.165807,0.268818,0.207215,
0.129093,0.130938,-0.189376,-0.273972,
0.245546,0.24545,0.117363,0.0450256,
0.451167,0.430417,0.670009,0.56055,
0.47235,0.447794,0.611383,0.519834,
0.395655,0.383091,0.76944,0.630927,
0.212169,0.213073,0.180261,0.110009,
0.290874,0.28827,0.0987428,0.0219844,
0.353162,0.34547,0.195296,0.123881,
0.537448,0.499337,0.48614,0.408998,
0.401901,0.388432,0.534066,0.450314,
0.433054,0.415069,0.255981,0.185647,
0.389112,0.377234,0.82218,0.660201,
0.242599,0.242326,0.0398229,-0.0425436,
0.291811,0.289017,0.39206,0.320739,
0.255315,0.25445,0.154073,0.0786985,
0.233737,0.233653,0.29616,0.230262,
0.285511,0.283092,-0.136217,-0.228453,
0.283732,0.281328,0.340909,0.276579,
0.32257,0.317521,0.277735,0.205931,
0.32,0.315091,0.241689,0.172732,
0.419081,0.403104,0.103303,0.0243865,
0.339811,0.333226,0.379469,0.310675,
0.353184,0.345269,0.357254,0.287522,
0.344281,0.337265,-0.139608,-0.230324,
0.536039,0.49812,0.8196,0.657827,
0.537888,0.499398,0.16012,0.0853493,
0.331841,0.325935,0.105689,0.0256283,
0.464577,0.441203,0.424327,0.350667,
0.3741,0.363893,0.501415,0.420866,
0.417535,0.401758,0.136504,0.0564916,
0.365593,0.356325,0.591153,0.496354,
0.368847,0.359184,0.495449,0.414488,
0.067648,0.0684171,-0.280775,-0.372074,
0.209865,0.210508,0.246871,0.172835,
0.140208,0.141628,0.318302,0.247184,
0.0530122,0.0534688,0.0640361,-0.021129,
-0.0682435,-0.070065,-0.0579108,-0.151184,
0.0639009,0.0645855,0.037245,-0.0503957,
0.115749,0.11709,-0.0892249,-0.183759,
0.380068,0.369255,0.540595,0.454482,
0.332207,0.326319,0.479239,0.399404,
0.417493,0.401792,0.233833,0.157687,
0.360971,0.35222,0.411756,0.337478,
0.332264,0.3263,0.476591,0.397415,
0.27669,0.274661,0.124876,0.0427041,
0.263516,0.262202,0.26448,0.189333,
0.220859,0.221142,0.131211,0.0500807,
0.330954,0.324996,0.298828,0.226114,
0.195379,0.196133,0.331064,0.260515,
0.403963,0.389899,0.43605,0.36262,
0.0492679,0.0493776,-0.0781295,-0.171146,
0.0586803,0.0589344,-0.167257,-0.263704,
-0.11601,-0.118708,-0.179417,-0.2779,
0.0807059,0.0815102,0.113468,0.0304769,
-0.0655352,-0.0675905,0.0914687,0.00630798,
-0.0594557,-0.0613052,-0.151205,-0.250666,
-0.00788774,-0.00872913,-0.0888405,-0.185389,
0.0710743,0.0717525,-0.14387,-0.240787,
-0.0738912,-0.0759773,0.00196363,-0.0909819,
-0.00215647,-0.00285994,-0.0670957,-0.163735,
-0.0155506,-0.0165703,-0.00926893,-0.102526,
-0.130251,-0.132917,-0.00946792,-0.103202,
-0.225953,-0.227379,-0.294381,-0.388139,
-0.133017,-0.135667,-0.112318,-0.211613,
-0.340703,-0.335163,-0.328627,-0.420707,
-0.301987,-0.299611,-0.377083,-0.460136,
-0.358504,-0.351175,-0.37409,-0.460115,
-0.291352,-0.28967,-0.355225,-0.441816,
-0.253898,-0.254285,-0.273619,-0.369297,
-0.474506,-0.450526,-0.639411,-0.652886,
-0.186526,-0.188808,-0.139458,-0.236235,
-0.336549,-0.331339,-0.376786,-0.459886,
-0.633056,-0.569868,-0.656138,-0.661996,
-0.763752,-0.653113,-1.33555,-0.909818,
-0.515316,-0.482758,-0.596591,-0.618612,
-0.308669,-0.305303,-0.151029,-0.237392,
-0.443207,-0.424252,-0.651221,-0.652137,
-0.494592,-0.466271,-0.432048,-0.495402,
-0.283307,-0.281585,-0.360971,-0.435331,
-0.290187,-0.287994,-0.267093,-0.35098,
-0.121656,-0.123455,-0.146856,-0.233635,
-0.223756,-0.22455,0.0628153,-0.0118048,
-0.320161,-0.315769,-0.492924,-0.543813,
-0.283606,-0.28172,-0.216124,-0.302378,
-0.229324,-0.230005,-0.140693,-0.226265,
-0.258693,-0.258185,-0.135077,-0.219654,
-0.201957,-0.203214,-0.347307,-0.425614,
-0.344045,-0.337553,-0.406555,-0.475035,
-0.454053,-0.433179,-0.870391,-0.767367,
-0.300916,-0.297984,-0.276762,-0.356567,
-0.498508,-0.46933,-0.644968,-0.646181,
-0.411589,-0.397176,-0.379554,-0.449036,
-0.574639,-0.527745,-0.563167,-0.591033,
-0.347671,-0.340795,-0.303668,-0.379771,
-0.446373,-0.426712,-0.445187,-0.501713,
-0.600459,-0.546444,-0.554759,-0.584918,
-0.547123,-0.507058,-0.719916,-0.689653,
-0.217476,-0.218189,-0.0891672,-0.165663,
-0.377201,-0.367104,-0.656062,-0.650542,
-0.0824738,-0.0835204,0.261807,0.208976,
-0.138141,-0.139793,-0.144966,-0.221762,
